file,blurr,brightness,colorswap,move,resize,rotated
8299.png,100.000000,100.000000,99.479167,76.041667,82.812500,95.312500
8300.png,100.000000,100.000000,100.000000,95.833333,83.333333,96.354167
8301.png,100.000000,100.000000,97.395833,83.333333,90.104167,95.312500
8302.png,100.000000,100.000000,96.875000,83.333333,81.250000,93.750000
8305.png,99.479167,100.000000,98.437500,83.854167,76.041667,95.833333
8306.png,100.000000,100.000000,98.437500,83.333333,81.770833,95.312500
8308.png,100.000000,100.000000,98.958333,88.541667,87.500000,95.833333
8310.png,100.000000,100.000000,98.437500,85.416667,91.145833,97.916667
8311.png,100.000000,100.000000,97.916667,80.208333,79.687500,95.312500
8312.png,100.000000,100.000000,96.354167,90.104167,89.583333,95.833333
8314.png,100.000000,100.000000,98.437500,93.750000,89.062500,97.395833
8315.png,100.000000,100.000000,96.354167,84.895833,81.250000,94.791667
8316.png,100.000000,100.000000,97.916667,76.041667,79.166667,93.229167
8318.png,99.479167,100.000000,96.875000,81.770833,79.687500,93.229167
8319.png,100.000000,100.000000,100.000000,86.458333,90.625000,96.354167
8323.png,100.000000,100.000000,98.958333,83.854167,83.854167,92.187500
8324.png,100.000000,100.000000,98.437500,94.270833,85.416667,94.270833
8327.png,100.000000,100.000000,98.958333,85.416667,86.458333,95.833333
8328.png,100.000000,100.000000,98.958333,87.500000,81.770833,96.354167
8329.png,100.000000,100.000000,97.916667,85.416667,79.166667,94.791667
8333.png,100.000000,100.000000,100.000000,86.979167,78.645833,94.791667
8334.png,99.479167,100.000000,94.270833,91.145833,81.250000,92.708333
8335.png,100.000000,100.000000,97.916667,81.770833,80.729167,93.229167
8336.png,100.000000,100.000000,98.437500,85.937500,75.520833,91.666667
8337.png,99.479167,100.000000,100.000000,86.458333,79.687500,94.270833
8338.png,100.000000,100.000000,97.916667,78.125000,83.333333,94.270833
8339.png,100.000000,100.000000,96.354167,82.812500,80.208333,93.750000
8340.png,100.000000,100.000000,99.479167,97.916667,86.979167,94.791667
8341.png,100.000000,100.000000,98.958333,83.333333,90.104167,95.833333
8343.png,100.000000,100.000000,96.354167,81.250000,81.250000,94.270833
8344.png,100.000000,100.000000,98.437500,71.875000,78.125000,95.312500
8345.png,100.000000,100.000000,100.000000,80.208333,85.937500,94.270833
8346.png,100.000000,100.000000,99.479167,81.770833,82.291667,94.270833
8351.png,100.000000,100.000000,98.958333,90.104167,88.020833,95.312500
8352.png,100.000000,100.000000,96.354167,88.020833,93.229167,97.916667
8353.png,100.000000,100.000000,98.958333,91.666667,80.208333,96.875000
8354.png,100.000000,100.000000,100.000000,80.208333,88.541667,96.875000
8355.png,100.000000,100.000000,96.875000,96.875000,83.854167,95.312500
8357.png,100.000000,100.000000,97.916667,86.458333,85.416667,94.270833
8358.png,100.000000,100.000000,99.479167,84.375000,82.812500,96.875000
8360.png,100.000000,100.000000,99.479167,84.375000,90.625000,97.395833
8361.png,100.000000,100.000000,98.437500,88.020833,81.250000,96.875000
8362.png,100.000000,100.000000,99.479167,89.062500,80.208333,95.312500
8363.png,100.000000,100.000000,98.958333,81.250000,90.104167,97.916667
8367.png,100.000000,100.000000,97.916667,72.916667,81.770833,94.270833
8368.png,100.000000,100.000000,96.875000,81.770833,80.729167,93.229167
8369.png,100.000000,100.000000,98.437500,85.937500,84.895833,96.354167
8371.png,100.000000,99.479167,98.958333,85.416667,89.583333,93.750000
8372.png,100.000000,100.000000,98.437500,84.895833,88.541667,96.875000
8373.png,100.000000,100.000000,98.958333,92.708333,85.416667,94.791667
8374.png,100.000000,100.000000,100.000000,79.687500,82.291667,97.916667
8375.png,100.000000,100.000000,96.875000,92.187500,82.291667,92.708333
8377.png,100.000000,100.000000,98.958333,86.458333,93.229167,98.437500
8378.png,99.479167,100.000000,98.437500,96.875000,86.979167,93.750000
8379.png,99.479167,100.000000,97.916667,81.770833,87.500000,94.791667
8380.png,100.000000,100.000000,98.958333,83.333333,88.541667,95.833333
8381.png,99.479167,100.000000,97.916667,82.291667,79.166667,93.229167
8382.png,100.000000,100.000000,96.875000,87.500000,80.729167,93.750000
8383.png,100.000000,100.000000,96.354167,94.791667,77.083333,89.062500
8384.png,100.000000,100.000000,99.479167,93.750000,90.104167,92.187500
8389.png,100.000000,100.000000,98.437500,82.291667,85.937500,94.270833
8391.png,100.000000,100.000000,98.958333,84.895833,85.416667,95.833333
8393.png,100.000000,100.000000,98.958333,90.625000,78.645833,93.750000
8394.png,99.479167,100.000000,97.395833,84.375000,87.500000,97.916667
8396.png,100.000000,100.000000,98.958333,84.375000,88.541667,95.312500
8397.png,100.000000,100.000000,100.000000,79.166667,87.500000,97.395833
8398.png,100.000000,100.000000,96.875000,91.145833,84.895833,92.187500
8399.png,100.000000,100.000000,97.916667,85.416667,81.770833,93.750000
8400.png,100.000000,100.000000,97.916667,80.208333,81.770833,95.833333
8401.png,100.000000,100.000000,97.916667,85.937500,82.812500,94.270833
8404.png,100.000000,100.000000,96.354167,86.458333,71.354167,94.791667
8408.png,100.000000,100.000000,98.437500,96.354167,84.895833,93.750000
8409.png,99.479167,100.000000,98.958333,84.375000,90.625000,96.354167
8411.png,100.000000,100.000000,96.875000,87.500000,79.166667,94.791667
8413.png,100.000000,100.000000,98.958333,86.458333,85.416667,93.750000
8415.png,100.000000,100.000000,99.479167,90.104167,83.854167,95.833333
8418.png,100.000000,100.000000,98.437500,83.333333,85.937500,96.875000
8419.png,100.000000,100.000000,97.916667,86.979167,92.708333,98.437500
8420.png,100.000000,100.000000,99.479167,81.770833,86.979167,96.354167
8421.png,99.479167,100.000000,98.437500,83.333333,83.333333,92.708333
8422.png,99.479167,100.000000,96.354167,96.875000,80.729167,93.229167
8427.png,100.000000,100.000000,98.437500,94.270833,91.145833,96.875000
8428.png,100.000000,100.000000,98.958333,88.020833,91.145833,97.916667
8429.png,100.000000,100.000000,95.833333,74.479167,77.604167,94.270833
8430.png,100.000000,100.000000,96.354167,97.916667,83.333333,93.229167
8431.png,100.000000,100.000000,98.437500,84.375000,88.020833,94.791667
8435.png,100.000000,100.000000,97.395833,96.875000,74.479167,92.187500
8436.png,100.000000,100.000000,98.958333,84.375000,89.583333,98.437500
8438.png,100.000000,100.000000,98.958333,88.541667,85.937500,95.312500
8439.png,100.000000,100.000000,96.875000,86.458333,86.458333,97.916667
8440.png,100.000000,100.000000,99.479167,81.250000,81.770833,96.875000
8441.png,100.000000,100.000000,99.479167,83.854167,75.000000,90.625000
8442.png,100.000000,100.000000,98.958333,94.270833,83.333333,93.750000
8443.png,100.000000,100.000000,98.437500,87.500000,77.604167,93.750000
8446.png,100.000000,100.000000,97.916667,85.937500,88.020833,93.750000
8448.png,100.000000,100.000000,97.395833,87.500000,80.208333,94.791667
8449.png,100.000000,100.000000,98.958333,96.875000,88.541667,95.312500
8451.png,100.000000,100.000000,97.395833,83.333333,79.687500,93.750000
8453.png,100.000000,100.000000,98.958333,82.812500,84.375000,97.395833
8454.png,99.479167,100.000000,98.958333,82.291667,85.937500,94.270833
8456.png,100.000000,100.000000,98.958333,83.333333,81.250000,96.354167
8457.png,99.479167,100.000000,98.958333,85.416667,78.645833,93.229167
8458.png,100.000000,100.000000,98.958333,77.083333,78.645833,93.229167
8460.png,100.000000,100.000000,98.958333,86.458333,81.250000,94.270833
8462.png,99.479167,100.000000,96.354167,77.083333,83.333333,94.270833
8463.png,100.000000,100.000000,96.354167,85.416667,84.895833,95.312500
8464.png,100.000000,100.000000,98.437500,85.937500,78.125000,94.270833
8466.png,100.000000,100.000000,98.437500,78.645833,84.375000,95.833333
8467.png,100.000000,100.000000,99.479167,95.312500,82.812500,96.354167
8468.png,99.479167,100.000000,96.354167,95.833333,83.854167,94.791667
8470.png,100.000000,100.000000,98.958333,89.583333,89.583333,96.875000
8471.png,100.000000,100.000000,99.479167,94.791667,86.458333,93.750000
8473.png,100.000000,100.000000,100.000000,88.541667,83.333333,97.395833
8474.png,100.000000,100.000000,99.479167,86.458333,79.166667,95.312500
8476.png,100.000000,100.000000,97.916667,83.854167,88.020833,92.708333
8478.png,100.000000,100.000000,98.958333,92.708333,86.979167,95.833333
8479.png,100.000000,100.000000,99.479167,84.375000,83.854167,94.270833
8480.png,99.479167,100.000000,100.000000,85.416667,81.250000,94.791667
8481.png,100.000000,100.000000,98.437500,82.291667,77.604167,95.312500
8483.png,100.000000,100.000000,98.958333,88.020833,84.375000,95.833333
8484.png,100.000000,100.000000,99.479167,81.770833,76.041667,96.354167
8485.png,100.000000,100.000000,97.916667,93.229167,80.729167,92.187500
8487.png,99.479167,100.000000,98.958333,84.895833,81.770833,93.229167
8490.png,100.000000,100.000000,99.479167,88.020833,85.416667,94.270833
8491.png,99.479167,100.000000,98.958333,91.145833,91.145833,96.875000
8492.png,100.000000,100.000000,97.916667,86.979167,82.291667,94.791667
8494.png,100.000000,100.000000,99.479167,94.791667,88.020833,96.875000
8495.png,100.000000,100.000000,97.916667,84.375000,86.458333,97.395833
8496.png,100.000000,100.000000,95.833333,78.125000,84.895833,93.750000
8497.png,100.000000,100.000000,97.395833,86.979167,85.937500,92.708333
8500.png,100.000000,100.000000,99.479167,83.854167,90.625000,97.395833
8501.png,100.000000,100.000000,99.479167,84.375000,89.583333,95.833333
8502.png,100.000000,100.000000,99.479167,82.291667,83.854167,92.187500
8504.png,99.479167,100.000000,97.916667,92.187500,80.208333,95.833333
8505.png,100.000000,100.000000,100.000000,71.875000,84.375000,99.479167
8508.png,100.000000,100.000000,95.833333,92.708333,85.937500,93.229167
8510.png,100.000000,100.000000,99.479167,97.916667,80.729167,92.708333
8512.png,100.000000,100.000000,98.958333,83.333333,87.500000,95.312500
8513.png,100.000000,100.000000,97.916667,83.333333,80.729167,92.187500
8514.png,100.000000,100.000000,98.958333,76.562500,88.020833,96.354167
8518.png,100.000000,100.000000,100.000000,87.500000,92.187500,97.395833
8519.png,100.000000,100.000000,99.479167,88.541667,88.020833,95.312500
8522.png,100.000000,100.000000,97.395833,93.229167,80.729167,93.750000
8525.png,98.958333,100.000000,95.312500,89.583333,81.250000,93.229167
8528.png,100.000000,100.000000,95.833333,81.250000,85.937500,96.354167
8534.png,100.000000,100.000000,98.437500,80.729167,79.166667,95.312500
8535.png,100.000000,100.000000,100.000000,78.125000,82.812500,97.395833
8536.png,100.000000,100.000000,100.000000,84.375000,90.625000,96.875000
8537.png,100.000000,100.000000,99.479167,79.687500,93.229167,96.354167
8539.png,100.000000,100.000000,98.958333,83.854167,83.333333,94.791667
8540.png,100.000000,100.000000,98.958333,97.395833,86.979167,96.875000
8541.png,100.000000,100.000000,99.479167,96.875000,86.979167,96.354167
8542.png,99.479167,100.000000,98.437500,85.937500,90.104167,94.270833
8543.png,100.000000,100.000000,97.916667,81.770833,84.895833,94.270833
8544.png,100.000000,100.000000,97.916667,91.145833,82.812500,96.354167
8545.png,99.479167,100.000000,97.395833,92.708333,84.375000,95.312500
8546.png,100.000000,100.000000,98.958333,96.875000,94.270833,95.312500
8547.png,100.000000,100.000000,99.479167,84.375000,78.645833,93.229167
8548.png,100.000000,100.000000,98.437500,80.208333,83.854167,96.354167
8549.png,99.479167,100.000000,95.833333,86.458333,81.250000,94.270833
8551.png,100.000000,100.000000,97.916667,87.500000,84.895833,95.833333
8554.png,100.000000,100.000000,97.395833,89.583333,84.895833,94.791667
8557.png,100.000000,100.000000,96.875000,90.625000,84.895833,91.666667
8558.png,100.000000,100.000000,97.916667,86.458333,79.166667,93.750000
8559.png,100.000000,100.000000,98.437500,84.895833,85.416667,96.354167
8560.png,100.000000,100.000000,97.916667,78.645833,93.750000,93.750000
8563.png,99.479167,100.000000,97.916667,88.541667,77.604167,92.187500
8565.png,100.000000,100.000000,98.958333,89.062500,92.187500,98.437500
8566.png,100.000000,100.000000,99.479167,86.458333,84.895833,96.875000
8567.png,100.000000,100.000000,99.479167,86.979167,79.687500,95.312500
8568.png,100.000000,100.000000,99.479167,82.812500,89.583333,96.875000
8570.png,99.479167,100.000000,97.916667,80.208333,86.979167,96.354167
8572.png,100.000000,100.000000,97.916667,97.395833,83.854167,92.708333
8573.png,100.000000,100.000000,98.958333,85.416667,85.937500,94.270833
8575.png,99.479167,100.000000,97.395833,84.895833,85.416667,95.312500
8578.png,100.000000,100.000000,96.875000,82.812500,81.770833,93.750000
8579.png,100.000000,100.000000,96.875000,82.291667,89.062500,97.395833
8580.png,100.000000,100.000000,95.833333,87.500000,92.187500,97.916667
8584.png,99.479167,100.000000,96.875000,95.833333,81.770833,93.750000
8585.png,100.000000,100.000000,96.875000,79.166667,82.812500,93.750000
8586.png,100.000000,100.000000,98.958333,94.791667,92.708333,95.312500
8588.png,100.000000,100.000000,99.479167,78.125000,82.291667,92.187500
8590.png,100.000000,100.000000,98.958333,83.854167,89.583333,96.875000
8591.png,100.000000,100.000000,98.958333,80.208333,88.541667,95.312500
8592.png,100.000000,100.000000,100.000000,88.541667,82.291667,96.354167
8593.png,100.000000,100.000000,99.479167,82.812500,78.125000,94.270833
8594.png,100.000000,100.000000,97.916667,96.875000,88.020833,95.312500
8596.png,100.000000,100.000000,96.354167,81.250000,80.208333,92.187500
8597.png,100.000000,100.000000,98.958333,85.937500,83.333333,95.833333
8599.png,100.000000,100.000000,98.437500,90.104167,80.208333,94.270833
8600.png,100.000000,100.000000,99.479167,80.208333,87.500000,96.354167
8601.png,100.000000,100.000000,97.916667,83.854167,74.479167,94.791667
8602.png,100.000000,100.000000,98.958333,85.416667,83.854167,95.833333
8603.png,100.000000,100.000000,100.000000,87.500000,90.104167,98.437500
8604.png,100.000000,100.000000,98.437500,89.583333,88.020833,97.395833
8605.png,100.000000,100.000000,96.354167,86.979167,92.708333,96.354167
8606.png,100.000000,100.000000,97.395833,81.770833,81.770833,94.791667
8607.png,100.000000,100.000000,99.479167,84.895833,91.145833,95.833333
8610.png,100.000000,100.000000,97.916667,81.250000,79.166667,95.312500
8611.png,100.000000,99.479167,98.437500,85.416667,89.583333,96.354167
8612.png,100.000000,100.000000,100.000000,82.291667,80.208333,93.229167
8613.png,100.000000,100.000000,99.479167,88.020833,86.458333,94.791667
8614.png,100.000000,100.000000,98.958333,86.458333,86.458333,95.312500
8615.png,100.000000,100.000000,98.437500,85.416667,82.812500,95.833333
8618.png,100.000000,100.000000,99.479167,84.895833,72.916667,96.875000
8619.png,100.000000,100.000000,98.437500,85.416667,84.375000,95.312500
8621.png,100.000000,100.000000,100.000000,77.604167,90.104167,95.312500
8622.png,100.000000,100.000000,100.000000,81.250000,82.812500,92.708333
8623.png,100.000000,100.000000,98.958333,76.041667,89.062500,96.354167
8625.png,100.000000,100.000000,98.958333,96.875000,89.062500,95.312500
8626.png,100.000000,100.000000,95.833333,93.750000,86.458333,94.791667
8627.png,100.000000,100.000000,97.916667,82.812500,85.937500,94.270833
8628.png,100.000000,100.000000,95.833333,81.770833,79.166667,94.270833
8629.png,100.000000,100.000000,100.000000,95.833333,83.854167,95.833333
8632.png,100.000000,100.000000,98.958333,86.458333,79.166667,91.666667
8633.png,100.000000,100.000000,96.354167,86.458333,83.333333,93.229167
8634.png,100.000000,100.000000,97.395833,84.375000,81.250000,94.791667
8636.png,100.000000,100.000000,97.395833,84.375000,88.541667,96.875000
8637.png,100.000000,100.000000,97.916667,80.729167,84.375000,94.791667
8639.png,100.000000,100.000000,98.958333,84.375000,88.020833,98.437500
8640.png,99.479167,100.000000,98.958333,82.291667,83.854167,93.229167
8641.png,100.000000,100.000000,98.437500,83.854167,76.562500,94.270833
8642.png,100.000000,100.000000,99.479167,83.854167,91.145833,95.833333
8643.png,100.000000,100.000000,99.479167,87.500000,85.416667,96.354167
8644.png,100.000000,100.000000,100.000000,85.937500,88.541667,96.354167
8645.png,100.000000,100.000000,94.270833,84.375000,84.895833,94.791667
8647.png,100.000000,100.000000,99.479167,84.375000,91.145833,98.437500
8648.png,100.000000,100.000000,96.875000,94.791667,81.770833,94.270833
8650.png,100.000000,100.000000,98.437500,85.937500,88.541667,94.791667
8652.png,99.479167,100.000000,96.354167,86.979167,82.291667,94.791667
8653.png,100.000000,100.000000,99.479167,92.708333,84.895833,94.791667
8654.png,100.000000,100.000000,98.958333,99.479167,90.625000,100.000000
8655.png,100.000000,100.000000,96.875000,97.916667,83.333333,93.229167
8656.png,99.479167,100.000000,100.000000,92.187500,95.312500,97.916667
8660.png,100.000000,100.000000,97.916667,82.291667,82.291667,94.791667
8661.png,100.000000,100.000000,99.479167,81.250000,88.541667,94.791667
8662.png,100.000000,99.479167,95.833333,80.208333,83.854167,96.354167
8663.png,100.000000,100.000000,98.958333,88.541667,92.708333,95.312500
8666.png,100.000000,100.000000,97.916667,93.750000,83.333333,92.187500
8668.png,100.000000,100.000000,96.875000,85.937500,79.687500,93.750000
8669.png,100.000000,100.000000,98.958333,77.083333,81.250000,95.833333
8671.png,100.000000,100.000000,97.916667,77.083333,77.604167,91.145833
8672.png,100.000000,100.000000,100.000000,85.937500,85.937500,96.875000
8675.png,100.000000,100.000000,96.875000,88.020833,88.020833,93.229167
8676.png,99.479167,100.000000,100.000000,86.458333,82.291667,93.750000
8678.png,100.000000,100.000000,98.437500,81.250000,80.729167,93.229167
8679.png,100.000000,100.000000,98.437500,86.458333,80.208333,94.791667
8680.png,100.000000,100.000000,98.958333,83.854167,80.729167,92.708333
8682.png,100.000000,100.000000,99.479167,81.250000,83.854167,94.270833
8683.png,100.000000,100.000000,100.000000,84.375000,87.500000,95.833333
8684.png,100.000000,100.000000,94.791667,75.000000,76.041667,92.187500
8685.png,100.000000,100.000000,95.312500,83.854167,85.416667,93.229167
8686.png,100.000000,100.000000,99.479167,86.979167,83.854167,97.395833
8688.png,100.000000,100.000000,99.479167,96.354167,78.645833,94.270833
8689.png,100.000000,100.000000,96.875000,77.083333,80.208333,93.229167
8691.png,100.000000,100.000000,98.958333,84.895833,89.062500,95.833333
8693.png,100.000000,100.000000,99.479167,79.687500,81.770833,97.395833
8694.png,98.958333,100.000000,97.916667,93.229167,86.458333,95.833333
8696.png,100.000000,100.000000,98.437500,82.291667,87.500000,94.791667
8698.png,100.000000,100.000000,98.437500,82.812500,82.812500,93.229167
8699.png,100.000000,100.000000,97.395833,90.104167,80.208333,94.270833
8701.png,100.000000,100.000000,99.479167,85.937500,81.770833,97.395833
8703.png,100.000000,100.000000,97.916667,84.895833,85.416667,94.791667
8705.png,100.000000,100.000000,98.437500,84.895833,85.416667,95.312500
8706.png,100.000000,100.000000,98.437500,83.854167,84.895833,94.270833
8709.png,100.000000,100.000000,99.479167,83.333333,85.937500,97.916667
8710.png,100.000000,100.000000,98.958333,98.437500,86.979167,98.437500
8711.png,100.000000,100.000000,98.437500,80.729167,80.208333,93.229167
8714.png,99.479167,100.000000,97.916667,82.812500,86.979167,93.229167
8715.png,100.000000,100.000000,99.479167,98.437500,89.583333,93.229167
8717.png,100.000000,100.000000,100.000000,78.125000,82.812500,95.312500
8721.png,99.479167,100.000000,97.395833,80.208333,82.291667,93.750000
8722.png,100.000000,100.000000,98.437500,87.500000,87.500000,96.875000
8723.png,100.000000,100.000000,99.479167,86.458333,84.895833,96.875000
8724.png,99.479167,100.000000,97.395833,81.770833,84.375000,92.708333
8726.png,100.000000,100.000000,100.000000,90.625000,86.979167,95.312500
8727.png,100.000000,100.000000,97.916667,88.020833,81.770833,93.750000
8728.png,100.000000,100.000000,97.916667,95.833333,81.770833,91.145833
8730.png,100.000000,100.000000,98.958333,85.416667,86.979167,95.312500
8732.png,100.000000,100.000000,99.479167,80.208333,88.541667,94.270833
8734.png,100.000000,100.000000,98.958333,84.895833,89.062500,94.791667
8736.png,100.000000,100.000000,98.437500,84.375000,82.291667,95.833333
8739.png,100.000000,100.000000,98.958333,85.937500,82.812500,95.312500
8740.png,100.000000,100.000000,98.437500,94.791667,89.062500,94.270833
8742.png,99.479167,100.000000,98.958333,80.208333,82.291667,95.833333
8744.png,100.000000,100.000000,97.395833,89.583333,85.416667,96.875000
8746.png,100.000000,100.000000,98.437500,94.270833,82.291667,96.354167
8749.png,100.000000,100.000000,98.437500,84.895833,78.645833,91.666667
8751.png,99.479167,100.000000,98.958333,85.937500,87.500000,95.833333
8755.png,100.000000,100.000000,98.437500,93.750000,90.104167,97.916667
8756.png,99.479167,100.000000,98.437500,93.229167,86.458333,95.312500
8757.png,100.000000,100.000000,98.437500,69.270833,77.083333,92.187500
8758.png,100.000000,100.000000,95.312500,96.875000,71.875000,93.750000
8760.png,100.000000,100.000000,99.479167,87.500000,84.375000,96.875000
8761.png,100.000000,100.000000,98.958333,83.854167,83.333333,94.270833
8762.png,100.000000,100.000000,97.395833,94.791667,82.812500,92.708333
8763.png,100.000000,100.000000,100.000000,73.958333,83.854167,98.958333
8764.png,100.000000,100.000000,97.916667,76.041667,89.062500,92.708333
8765.png,100.000000,100.000000,99.479167,76.562500,88.541667,96.354167
8768.png,100.000000,100.000000,98.958333,87.500000,91.666667,98.437500
8769.png,100.000000,100.000000,96.875000,90.104167,82.291667,96.875000
8770.png,100.000000,100.000000,98.437500,77.604167,77.604167,98.958333
8774.png,100.000000,100.000000,97.395833,77.083333,90.625000,95.312500
8776.png,100.000000,100.000000,100.000000,82.812500,84.895833,95.833333
8778.png,100.000000,100.000000,98.437500,84.895833,75.000000,91.145833
8779.png,100.000000,100.000000,97.395833,88.020833,89.062500,96.875000
8782.png,100.000000,100.000000,96.875000,93.750000,79.687500,94.791667
8783.png,99.479167,100.000000,98.958333,89.583333,84.375000,92.708333
8784.png,100.000000,100.000000,98.958333,83.333333,83.854167,94.791667
8786.png,100.000000,100.000000,98.437500,86.458333,76.041667,93.750000
8787.png,100.000000,100.000000,97.916667,79.687500,88.020833,94.791667
8788.png,99.479167,100.000000,96.354167,84.895833,84.895833,92.708333
8789.png,100.000000,100.000000,99.479167,83.854167,80.208333,95.312500
8790.png,99.479167,100.000000,99.479167,77.083333,79.687500,91.145833
8792.png,100.000000,100.000000,98.437500,81.770833,85.937500,98.437500
8793.png,100.000000,100.000000,98.958333,88.541667,89.583333,96.875000
8794.png,100.000000,100.000000,98.437500,82.812500,79.687500,94.270833
8795.png,100.000000,100.000000,99.479167,87.500000,89.062500,98.958333
8796.png,100.000000,100.000000,98.958333,89.583333,82.812500,96.354167
8797.png,100.000000,100.000000,100.000000,80.208333,86.979167,94.791667
8798.png,100.000000,100.000000,100.000000,85.416667,87.500000,96.354167
8799.png,100.000000,100.000000,98.437500,86.458333,84.375000,96.354167
8808.png,100.000000,100.000000,99.479167,81.250000,81.250000,94.270833
8809.png,100.000000,100.000000,100.000000,84.375000,90.104167,97.916667
8810.png,100.000000,100.000000,100.000000,91.145833,91.666667,97.395833
8812.png,100.000000,100.000000,99.479167,88.020833,94.791667,96.354167
8813.png,100.000000,100.000000,97.916667,89.062500,91.145833,98.437500
8814.png,100.000000,100.000000,96.354167,84.895833,86.979167,97.916667
8816.png,100.000000,100.000000,98.958333,84.895833,77.083333,93.750000
8823.png,99.479167,100.000000,96.875000,83.333333,90.625000,96.875000
8826.png,99.479167,100.000000,98.958333,95.833333,90.104167,94.270833
8827.png,100.000000,100.000000,98.437500,84.895833,79.166667,91.145833
8828.png,100.000000,100.000000,97.395833,84.375000,74.479167,95.312500
8830.png,99.479167,99.479167,97.395833,88.020833,91.145833,96.875000
8831.png,100.000000,100.000000,100.000000,77.604167,85.937500,93.750000
8833.png,99.479167,100.000000,97.395833,84.895833,80.208333,94.791667
8834.png,100.000000,100.000000,98.958333,88.020833,81.770833,96.354167
8837.png,100.000000,100.000000,99.479167,72.916667,82.291667,97.916667
8838.png,100.000000,100.000000,95.833333,82.812500,87.500000,94.270833
8843.png,100.000000,100.000000,99.479167,98.958333,89.583333,94.270833
8846.png,100.000000,100.000000,99.479167,84.895833,82.812500,93.229167
8848.png,100.000000,100.000000,99.479167,90.104167,86.979167,94.270833
8850.png,100.000000,100.000000,96.875000,86.458333,92.708333,98.437500
8855.png,100.000000,100.000000,97.916667,91.666667,80.729167,95.833333
8856.png,100.000000,100.000000,97.395833,86.979167,88.541667,97.916667
8858.png,100.000000,100.000000,99.479167,83.333333,88.020833,97.916667
8859.png,100.000000,100.000000,97.395833,83.333333,81.770833,95.312500
8862.png,100.000000,100.000000,99.479167,79.166667,86.458333,93.229167
8863.png,99.479167,100.000000,98.437500,99.479167,89.062500,95.312500
8864.png,100.000000,100.000000,97.916667,85.416667,77.604167,94.270833
8868.png,100.000000,100.000000,98.958333,83.854167,77.083333,95.833333
8869.png,99.479167,100.000000,98.958333,84.375000,86.979167,95.833333
8871.png,100.000000,100.000000,96.354167,86.458333,86.979167,93.229167
8874.png,100.000000,100.000000,97.395833,88.541667,86.979167,97.395833
8875.png,100.000000,100.000000,98.437500,96.875000,80.729167,93.750000
8876.png,99.479167,99.479167,98.437500,92.187500,84.375000,92.187500
8879.png,99.479167,100.000000,96.354167,90.104167,82.291667,95.312500
8880.png,99.479167,100.000000,98.958333,78.125000,80.729167,93.750000
8882.png,100.000000,100.000000,98.958333,83.333333,87.500000,94.791667
8883.png,100.000000,100.000000,100.000000,90.625000,91.666667,96.354167
8890.png,100.000000,100.000000,98.437500,91.666667,82.291667,94.791667
8891.png,100.000000,100.000000,99.479167,86.979167,81.250000,95.312500
8892.png,100.000000,100.000000,97.395833,85.937500,89.062500,95.312500
8893.png,99.479167,100.000000,99.479167,90.625000,87.500000,94.791667
8895.png,100.000000,100.000000,98.958333,85.937500,85.416667,95.833333
8896.png,99.479167,100.000000,99.479167,88.020833,91.666667,94.791667
8897.png,100.000000,100.000000,97.916667,96.354167,79.166667,93.750000
8898.png,100.000000,100.000000,97.395833,98.437500,89.062500,94.270833
8899.png,100.000000,100.000000,99.479167,78.125000,86.979167,95.312500
8901.png,100.000000,100.000000,97.916667,96.354167,88.541667,95.312500
8904.png,100.000000,100.000000,98.958333,84.895833,86.979167,97.395833
8910.png,100.000000,100.000000,97.916667,88.541667,77.604167,94.791667
8911.png,100.000000,100.000000,98.437500,97.395833,84.375000,96.354167
8913.png,99.479167,100.000000,99.479167,81.770833,83.333333,95.312500
8914.png,100.000000,100.000000,97.916667,80.208333,81.770833,93.750000
8918.png,100.000000,100.000000,94.791667,84.375000,79.166667,94.791667
8919.png,100.000000,100.000000,98.958333,84.895833,89.583333,97.916667
8922.png,100.000000,100.000000,100.000000,84.895833,90.104167,98.437500
8923.png,99.479167,100.000000,97.916667,83.854167,71.354167,94.270833
8926.png,100.000000,100.000000,100.000000,83.333333,88.020833,95.312500
8927.png,100.000000,100.000000,96.354167,85.937500,83.333333,94.270833
8928.png,100.000000,100.000000,96.354167,80.208333,80.729167,96.875000
8929.png,100.000000,100.000000,98.437500,83.333333,85.937500,97.395833
8930.png,100.000000,100.000000,99.479167,88.020833,78.125000,94.791667
8932.png,100.000000,100.000000,100.000000,82.291667,90.625000,95.833333
8933.png,100.000000,100.000000,98.437500,73.958333,79.687500,91.666667
8936.png,100.000000,100.000000,99.479167,83.854167,83.333333,93.229167
8937.png,100.000000,100.000000,98.958333,85.416667,82.291667,93.750000
8938.png,99.479167,100.000000,96.354167,84.895833,85.937500,92.708333
8939.png,100.000000,100.000000,95.833333,80.208333,88.020833,96.354167
8941.png,100.000000,100.000000,97.395833,85.416667,78.125000,94.791667
8942.png,100.000000,100.000000,97.916667,86.458333,91.666667,98.958333
8944.png,99.479167,100.000000,98.958333,90.625000,88.541667,95.833333
8945.png,100.000000,100.000000,98.437500,96.354167,88.541667,95.312500
8946.png,99.479167,100.000000,100.000000,81.250000,88.541667,94.270833
8947.png,100.000000,100.000000,98.958333,89.062500,82.291667,95.312500
8948.png,100.000000,100.000000,97.395833,96.354167,88.541667,95.833333
8953.png,100.000000,100.000000,99.479167,85.937500,75.520833,91.666667
8955.png,100.000000,100.000000,98.958333,77.083333,85.416667,92.708333
8959.png,100.000000,100.000000,99.479167,87.500000,87.500000,96.354167
8960.png,100.000000,100.000000,95.833333,95.312500,79.687500,93.750000
8961.png,100.000000,100.000000,95.833333,92.708333,82.812500,95.833333
8963.png,100.000000,100.000000,99.479167,82.291667,86.458333,94.791667
8964.png,100.000000,100.000000,98.958333,79.166667,83.854167,96.354167
8965.png,100.000000,100.000000,98.437500,81.770833,85.416667,96.354167
8968.png,100.000000,100.000000,97.916667,83.333333,72.395833,97.395833
8970.png,100.000000,100.000000,98.437500,97.916667,85.416667,94.791667
8974.png,100.000000,100.000000,96.875000,84.895833,78.645833,95.312500
8977.png,100.000000,100.000000,97.916667,86.458333,78.645833,95.312500
8979.png,100.000000,100.000000,99.479167,82.812500,81.250000,94.270833
8980.png,100.000000,100.000000,98.958333,77.083333,82.812500,95.833333
8982.png,99.479167,100.000000,96.354167,89.583333,83.333333,96.875000
8983.png,100.000000,100.000000,97.395833,79.687500,81.770833,95.833333
8984.png,100.000000,100.000000,98.437500,89.583333,86.458333,94.270833
8987.png,100.000000,100.000000,95.312500,81.250000,80.729167,94.270833
8988.png,100.000000,100.000000,97.395833,87.500000,76.562500,93.229167
8990.png,99.479167,100.000000,96.875000,86.979167,78.125000,91.145833
8991.png,100.000000,100.000000,100.000000,82.812500,86.458333,95.312500
8992.png,100.000000,100.000000,99.479167,97.395833,83.333333,96.354167
8996.png,100.000000,100.000000,96.354167,80.208333,85.937500,94.270833
8998.png,100.000000,100.000000,99.479167,89.062500,82.291667,96.875000
9000.png,100.000000,100.000000,97.916667,88.020833,90.625000,96.354167
9002.png,100.000000,100.000000,99.479167,97.395833,87.500000,93.229167
9004.png,100.000000,100.000000,98.437500,83.333333,77.604167,92.187500
9007.png,100.000000,100.000000,100.000000,94.791667,90.625000,93.229167
9008.png,100.000000,100.000000,98.958333,95.312500,87.500000,94.270833
9012.png,100.000000,100.000000,99.479167,86.979167,81.250000,95.312500
9013.png,99.479167,100.000000,100.000000,80.208333,84.375000,94.270833
9014.png,100.000000,100.000000,97.916667,75.520833,91.666667,95.312500
9015.png,100.000000,100.000000,98.437500,84.895833,87.500000,96.354167
9016.png,100.000000,100.000000,97.916667,79.687500,79.687500,93.750000
9017.png,99.479167,100.000000,99.479167,84.375000,91.145833,96.875000
9021.png,100.000000,100.000000,98.437500,88.541667,85.937500,94.791667
9022.png,100.000000,100.000000,99.479167,85.937500,79.166667,94.270833
9023.png,100.000000,100.000000,98.437500,73.437500,80.729167,97.395833
9026.png,100.000000,100.000000,97.916667,84.895833,88.020833,94.791667
9027.png,100.000000,100.000000,99.479167,85.937500,82.812500,92.708333
9029.png,100.000000,100.000000,97.916667,93.750000,85.937500,97.395833
9030.png,100.000000,100.000000,100.000000,86.979167,82.812500,94.791667
9031.png,100.000000,100.000000,97.916667,86.458333,82.812500,93.750000
9036.png,100.000000,100.000000,99.479167,87.500000,80.208333,95.312500
9037.png,100.000000,100.000000,98.437500,77.083333,81.250000,92.187500
9041.png,99.479167,100.000000,99.479167,83.333333,87.500000,96.875000
9043.png,100.000000,100.000000,96.875000,82.812500,77.604167,92.187500
9044.png,100.000000,100.000000,97.916667,83.854167,78.125000,95.312500
9045.png,100.000000,100.000000,98.437500,79.166667,80.729167,95.312500
9047.png,100.000000,100.000000,98.958333,83.333333,81.250000,93.750000
9048.png,100.000000,100.000000,96.354167,87.500000,81.770833,93.229167
9049.png,100.000000,100.000000,97.916667,83.854167,86.458333,94.791667
9050.png,100.000000,100.000000,98.958333,83.854167,91.666667,98.437500
9051.png,100.000000,100.000000,98.958333,88.020833,80.208333,91.145833
9054.png,100.000000,100.000000,97.916667,81.250000,81.770833,96.354167
9057.png,100.000000,100.000000,100.000000,79.687500,84.375000,95.312500
9058.png,100.000000,100.000000,98.437500,82.812500,88.541667,94.270833
9059.png,100.000000,100.000000,95.312500,76.562500,73.958333,90.104167
9060.png,99.479167,100.000000,98.437500,80.729167,88.020833,91.666667
9061.png,100.000000,100.000000,98.437500,97.916667,89.062500,95.312500
9062.png,100.000000,100.000000,97.916667,81.250000,82.291667,94.270833
9063.png,100.000000,100.000000,97.916667,82.291667,86.979167,94.791667
9065.png,100.000000,100.000000,95.833333,80.208333,81.250000,93.229167
9066.png,99.479167,100.000000,98.958333,82.291667,86.979167,94.791667
9070.png,98.958333,100.000000,96.875000,83.333333,81.250000,92.708333
9071.png,100.000000,100.000000,98.437500,76.041667,80.729167,92.187500
9072.png,100.000000,100.000000,97.916667,81.250000,81.770833,95.312500
9075.png,100.000000,100.000000,98.958333,93.750000,88.020833,94.791667
9076.png,99.479167,100.000000,100.000000,82.812500,84.895833,94.791667
9078.png,99.479167,100.000000,97.916667,78.125000,84.375000,93.229167
9081.png,100.000000,100.000000,98.958333,76.562500,82.291667,93.229167
9082.png,100.000000,100.000000,97.916667,80.729167,83.854167,94.270833
9084.png,100.000000,100.000000,100.000000,96.354167,77.083333,92.708333
9085.png,99.479167,100.000000,99.479167,85.937500,88.020833,95.833333
9087.png,100.000000,100.000000,99.479167,88.020833,80.729167,96.354167
9088.png,100.000000,100.000000,98.437500,79.687500,85.937500,95.312500
9090.png,100.000000,100.000000,97.395833,85.416667,84.375000,94.791667
9091.png,100.000000,100.000000,97.916667,80.208333,85.416667,94.791667
9096.png,100.000000,100.000000,98.437500,87.500000,80.208333,92.708333
9098.png,100.000000,100.000000,99.479167,79.166667,75.000000,95.833333
9099.png,100.000000,100.000000,99.479167,89.062500,80.729167,94.270833
9100.png,99.479167,100.000000,98.958333,84.375000,88.020833,97.916667
9103.png,100.000000,100.000000,99.479167,99.479167,77.083333,91.145833
9106.png,100.000000,100.000000,95.833333,81.250000,81.250000,93.229167
9107.png,100.000000,100.000000,96.875000,89.583333,83.854167,96.354167
9108.png,100.000000,100.000000,98.958333,84.375000,90.104167,96.875000
9109.png,100.000000,100.000000,97.395833,86.979167,84.895833,97.916667
9110.png,100.000000,100.000000,100.000000,97.916667,89.583333,94.791667
9111.png,100.000000,100.000000,97.916667,90.104167,88.020833,96.354167
9113.png,99.479167,100.000000,95.833333,83.854167,73.437500,92.187500
9115.png,100.000000,100.000000,97.916667,93.229167,84.895833,95.833333
9116.png,100.000000,100.000000,99.479167,84.375000,92.187500,98.958333
9118.png,99.479167,100.000000,98.958333,86.458333,82.812500,95.833333
9119.png,100.000000,100.000000,98.437500,82.812500,86.979167,94.270833
9121.png,100.000000,100.000000,98.437500,82.812500,81.250000,92.708333
9122.png,100.000000,100.000000,98.958333,88.020833,84.375000,96.875000
9123.png,99.479167,100.000000,99.479167,90.104167,85.937500,95.312500
9125.png,100.000000,100.000000,97.395833,83.333333,78.125000,97.916667
9126.png,100.000000,100.000000,98.437500,85.416667,82.291667,93.229167
9127.png,99.479167,100.000000,99.479167,89.583333,84.895833,95.833333
9128.png,100.000000,100.000000,98.437500,86.458333,83.333333,93.750000
9132.png,100.000000,100.000000,99.479167,97.395833,85.416667,94.270833
9134.png,100.000000,100.000000,96.875000,91.145833,83.333333,96.354167
9135.png,100.000000,100.000000,98.958333,84.895833,85.416667,95.833333
9138.png,100.000000,100.000000,98.958333,77.604167,86.458333,96.875000
9139.png,100.000000,100.000000,97.395833,95.833333,79.687500,93.750000
9140.png,100.000000,100.000000,100.000000,84.895833,92.187500,98.437500
9141.png,100.000000,100.000000,98.958333,88.020833,78.125000,93.750000
9144.png,100.000000,100.000000,98.437500,96.875000,73.958333,92.187500
9146.png,100.000000,100.000000,96.875000,84.375000,86.979167,92.708333
9147.png,100.000000,100.000000,98.437500,84.375000,82.812500,95.833333
9150.png,100.000000,100.000000,99.479167,93.229167,86.458333,96.875000
9153.png,100.000000,100.000000,97.395833,88.541667,89.583333,97.916667
9157.png,100.000000,100.000000,99.479167,84.375000,91.145833,96.354167
9158.png,100.000000,100.000000,99.479167,86.979167,86.979167,93.750000
9161.png,100.000000,100.000000,96.875000,79.687500,78.645833,94.270833
9163.png,99.479167,100.000000,97.916667,79.166667,81.250000,95.312500
9164.png,100.000000,100.000000,99.479167,86.979167,82.812500,96.354167
9165.png,100.000000,100.000000,99.479167,86.979167,75.000000,91.666667
9166.png,100.000000,100.000000,97.395833,87.500000,77.604167,92.187500
9168.png,100.000000,100.000000,96.354167,79.687500,82.812500,94.791667
9169.png,100.000000,100.000000,99.479167,95.312500,89.583333,94.791667
9171.png,100.000000,100.000000,99.479167,85.937500,85.937500,94.791667
9172.png,100.000000,100.000000,99.479167,87.500000,84.895833,96.875000
9173.png,100.000000,100.000000,98.437500,89.583333,80.729167,93.750000
9174.png,98.958333,100.000000,98.437500,86.458333,79.166667,91.666667
9176.png,99.479167,100.000000,99.479167,91.666667,81.250000,92.708333
9177.png,100.000000,100.000000,97.916667,81.250000,85.937500,94.270833
9178.png,100.000000,100.000000,98.437500,83.333333,85.416667,94.791667
9182.png,100.000000,100.000000,98.437500,80.208333,84.375000,96.354167
9184.png,100.000000,100.000000,99.479167,86.458333,90.104167,96.875000
9186.png,100.000000,100.000000,97.916667,84.895833,85.937500,97.916667
9187.png,100.000000,100.000000,98.958333,94.270833,82.812500,92.187500
9188.png,100.000000,100.000000,97.395833,84.375000,88.020833,95.833333
9190.png,100.000000,100.000000,97.916667,83.333333,77.604167,95.833333
9191.png,100.000000,100.000000,98.437500,82.291667,85.937500,97.916667
9192.png,99.479167,100.000000,98.437500,96.875000,86.979167,96.875000
9193.png,100.000000,100.000000,99.479167,83.333333,87.500000,94.270833
9194.png,100.000000,100.000000,97.916667,97.395833,81.770833,93.229167
9195.png,100.000000,100.000000,98.958333,85.416667,84.375000,98.437500
9196.png,100.000000,100.000000,98.437500,89.062500,78.125000,95.833333
9197.png,100.000000,100.000000,99.479167,85.416667,90.625000,95.312500
9198.png,100.000000,100.000000,97.916667,80.729167,88.541667,94.270833
9199.png,100.000000,100.000000,97.916667,80.729167,79.166667,93.229167
9200.png,100.000000,100.000000,99.479167,83.854167,86.979167,94.270833
9202.png,100.000000,100.000000,97.916667,84.375000,88.020833,94.270833
9204.png,100.000000,100.000000,96.875000,82.812500,80.729167,92.187500
9209.png,100.000000,100.000000,98.958333,81.250000,89.583333,97.916667
9210.png,100.000000,100.000000,97.916667,90.625000,80.208333,93.750000
9211.png,100.000000,100.000000,99.479167,82.291667,89.062500,94.791667
9212.png,100.000000,100.000000,98.958333,79.166667,83.333333,94.270833
9213.png,100.000000,100.000000,99.479167,80.208333,87.500000,96.875000
9215.png,98.958333,100.000000,95.833333,84.375000,84.375000,96.875000
9216.png,100.000000,100.000000,97.916667,79.166667,75.520833,91.666667
9217.png,100.000000,100.000000,98.958333,92.708333,90.104167,97.916667
9218.png,100.000000,100.000000,98.958333,85.416667,90.104167,95.833333
9219.png,100.000000,100.000000,98.437500,76.562500,85.416667,94.270833
9222.png,100.000000,100.000000,97.916667,81.770833,80.729167,95.312500
9226.png,100.000000,100.000000,99.479167,93.750000,86.458333,95.312500
9227.png,100.000000,100.000000,97.395833,91.666667,87.500000,97.916667
9230.png,100.000000,100.000000,96.354167,94.791667,77.604167,91.666667
9231.png,100.000000,100.000000,98.437500,83.333333,85.416667,92.708333
9232.png,99.479167,100.000000,97.916667,85.416667,84.375000,94.270833
9233.png,100.000000,100.000000,95.312500,84.895833,84.375000,94.791667
9236.png,98.958333,100.000000,96.354167,96.354167,84.895833,93.750000
9238.png,99.479167,100.000000,95.833333,81.770833,80.208333,93.750000
9239.png,99.479167,100.000000,97.916667,89.583333,77.604167,93.229167
9242.png,100.000000,100.000000,97.395833,86.458333,84.895833,95.312500
9243.png,100.000000,100.000000,99.479167,94.270833,90.104167,94.270833
9244.png,100.000000,100.000000,98.958333,83.333333,85.937500,95.312500
9246.png,100.000000,100.000000,99.479167,91.145833,89.062500,100.000000
9248.png,100.000000,100.000000,99.479167,82.291667,85.416667,95.833333
9249.png,100.000000,100.000000,97.916667,80.208333,74.479167,93.229167
9253.png,100.000000,100.000000,97.916667,95.312500,82.812500,93.750000
9254.png,100.000000,100.000000,95.833333,80.208333,84.375000,94.270833
9255.png,100.000000,100.000000,97.395833,95.312500,84.895833,93.750000
9256.png,100.000000,100.000000,97.916667,94.791667,83.333333,93.229167
9257.png,100.000000,100.000000,100.000000,82.291667,89.062500,98.437500
9259.png,100.000000,100.000000,97.916667,85.416667,89.062500,95.312500
9260.png,100.000000,100.000000,97.395833,83.854167,82.291667,93.229167
9261.png,100.000000,100.000000,98.958333,85.937500,84.375000,94.791667
9263.png,100.000000,100.000000,98.958333,84.375000,88.541667,94.270833
9264.png,100.000000,100.000000,99.479167,84.375000,85.416667,95.312500
9267.png,99.479167,100.000000,97.916667,94.791667,84.895833,96.354167
9268.png,100.000000,100.000000,99.479167,85.937500,83.333333,94.791667
9269.png,100.000000,100.000000,96.875000,85.416667,85.937500,95.833333
9271.png,100.000000,100.000000,97.395833,89.062500,89.062500,97.395833
9272.png,100.000000,100.000000,97.916667,78.125000,89.062500,92.708333
9274.png,100.000000,100.000000,99.479167,87.500000,90.625000,97.916667
9277.png,100.000000,100.000000,96.354167,83.333333,78.645833,94.791667
9281.png,100.000000,99.479167,97.395833,98.437500,86.979167,93.229167
9283.png,99.479167,99.479167,95.833333,93.750000,83.854167,94.791667
9285.png,99.479167,100.000000,98.958333,83.854167,75.000000,93.229167
9287.png,100.000000,100.000000,99.479167,88.020833,90.625000,96.354167
9288.png,100.000000,100.000000,97.395833,77.604167,78.125000,93.750000
9289.png,99.479167,100.000000,96.875000,84.895833,74.479167,91.666667
9290.png,100.000000,100.000000,96.354167,75.000000,82.291667,92.187500
9291.png,100.000000,100.000000,99.479167,92.187500,84.895833,95.312500
9292.png,100.000000,100.000000,99.479167,80.729167,78.645833,97.395833
9293.png,100.000000,100.000000,97.916667,91.145833,83.854167,94.791667
9294.png,100.000000,100.000000,98.437500,91.666667,81.770833,94.791667
9296.png,100.000000,100.000000,99.479167,88.541667,86.458333,97.395833
9297.png,100.000000,100.000000,99.479167,94.270833,86.458333,97.395833
9298.png,99.479167,100.000000,98.437500,79.166667,81.250000,94.791667
9299.png,100.000000,100.000000,98.437500,89.062500,81.770833,93.750000
9300.png,99.479167,100.000000,95.312500,83.333333,79.687500,93.229167
9302.png,100.000000,100.000000,97.916667,84.375000,79.687500,95.312500
9304.png,100.000000,100.000000,100.000000,90.104167,88.541667,97.395833
9305.png,100.000000,100.000000,97.395833,98.437500,80.208333,91.666667
9306.png,100.000000,100.000000,100.000000,84.375000,86.979167,95.312500
9307.png,100.000000,100.000000,96.354167,82.812500,87.500000,95.312500
9308.png,100.000000,100.000000,96.354167,84.895833,86.458333,95.312500
9309.png,100.000000,100.000000,98.437500,89.583333,88.541667,96.354167
9310.png,100.000000,100.000000,98.958333,75.000000,80.208333,94.270833
9312.png,100.000000,100.000000,96.875000,84.895833,80.208333,95.312500
9313.png,100.000000,100.000000,98.437500,87.500000,86.458333,95.312500
9315.png,100.000000,100.000000,98.958333,91.145833,83.854167,93.750000
9318.png,100.000000,100.000000,98.437500,95.833333,85.937500,95.833333
9319.png,100.000000,100.000000,95.833333,81.770833,78.125000,91.666667
9320.png,100.000000,100.000000,95.833333,82.291667,83.854167,93.750000
9321.png,100.000000,100.000000,97.916667,96.354167,85.416667,93.229167
9322.png,99.479167,100.000000,99.479167,85.416667,90.104167,95.833333
9323.png,100.000000,100.000000,98.437500,77.604167,78.125000,92.187500
9324.png,100.000000,100.000000,98.958333,79.687500,91.145833,95.833333
9326.png,100.000000,100.000000,100.000000,87.500000,94.270833,98.437500
9328.png,100.000000,100.000000,98.958333,83.854167,90.625000,96.354167
9330.png,100.000000,100.000000,98.437500,81.770833,87.500000,95.833333
9331.png,100.000000,100.000000,97.395833,88.541667,84.895833,95.833333
9332.png,99.479167,100.000000,97.395833,80.208333,77.604167,94.270833
9337.png,100.000000,100.000000,100.000000,97.916667,82.291667,94.270833
9338.png,100.000000,100.000000,99.479167,80.208333,92.187500,95.833333
9340.png,99.479167,100.000000,97.916667,94.270833,85.416667,92.708333
9342.png,100.000000,100.000000,98.437500,83.333333,85.937500,96.354167
9343.png,100.000000,100.000000,97.916667,97.916667,84.895833,94.791667
9344.png,100.000000,100.000000,96.354167,84.895833,72.395833,94.791667
9345.png,100.000000,100.000000,97.916667,96.354167,80.729167,92.708333
9347.png,99.479167,100.000000,97.395833,85.416667,84.895833,93.229167
9348.png,100.000000,100.000000,97.916667,93.750000,85.416667,97.395833
9349.png,100.000000,100.000000,98.958333,88.541667,84.375000,96.354167
9351.png,100.000000,100.000000,96.354167,97.395833,83.333333,92.708333
9352.png,100.000000,100.000000,97.395833,97.916667,89.062500,95.312500
9353.png,100.000000,100.000000,100.000000,91.145833,90.625000,96.354167
9354.png,99.479167,99.479167,95.833333,82.812500,80.208333,94.270833
9356.png,100.000000,100.000000,97.395833,84.375000,85.416667,94.791667
9357.png,100.000000,100.000000,96.875000,96.875000,83.333333,94.270833
9359.png,98.958333,100.000000,98.437500,86.458333,83.333333,95.312500
9361.png,100.000000,100.000000,99.479167,85.416667,89.583333,95.833333
9363.png,100.000000,100.000000,95.833333,84.895833,84.895833,93.229167
9364.png,100.000000,100.000000,99.479167,97.395833,84.895833,95.312500
9365.png,100.000000,100.000000,97.916667,85.416667,76.041667,92.187500
9366.png,100.000000,100.000000,98.437500,73.958333,85.416667,94.791667
9367.png,99.479167,99.479167,97.395833,80.729167,91.666667,96.354167
9369.png,100.000000,100.000000,99.479167,88.541667,93.750000,97.395833
9370.png,100.000000,100.000000,98.958333,83.333333,91.145833,98.958333
9372.png,99.479167,100.000000,97.916667,81.770833,78.125000,93.229167
9374.png,100.000000,100.000000,97.916667,96.354167,82.812500,92.708333
9375.png,100.000000,100.000000,98.958333,84.375000,89.062500,96.354167
9377.png,100.000000,100.000000,98.437500,81.770833,88.541667,94.270833
9378.png,100.000000,100.000000,99.479167,81.250000,82.291667,94.791667
9380.png,100.000000,100.000000,97.395833,79.687500,85.937500,95.312500
9382.png,100.000000,100.000000,98.437500,84.375000,82.291667,94.270833
9384.png,100.000000,100.000000,98.958333,85.416667,89.062500,96.875000
9385.png,100.000000,100.000000,98.958333,82.812500,86.979167,94.791667
9388.png,100.000000,100.000000,97.916667,86.979167,83.854167,95.312500
9389.png,99.479167,100.000000,96.354167,86.458333,78.125000,94.791667
9391.png,100.000000,100.000000,96.354167,84.895833,86.458333,93.750000
9392.png,100.000000,100.000000,99.479167,82.291667,82.812500,96.354167
9393.png,100.000000,100.000000,96.875000,85.416667,72.395833,95.833333
9394.png,100.000000,100.000000,97.395833,95.833333,81.770833,93.750000
9395.png,100.000000,100.000000,98.437500,82.291667,86.458333,94.270833
9396.png,100.000000,100.000000,99.479167,89.062500,82.291667,96.354167
9398.png,99.479167,100.000000,98.958333,80.729167,73.437500,92.708333
9401.png,100.000000,100.000000,96.354167,85.416667,85.416667,96.875000
9402.png,100.000000,100.000000,98.958333,87.500000,76.562500,94.270833
9403.png,100.000000,100.000000,98.437500,94.270833,87.500000,95.312500
9406.png,100.000000,100.000000,97.916667,91.666667,88.020833,93.229167
9407.png,100.000000,100.000000,99.479167,81.250000,83.854167,93.750000
9408.png,100.000000,100.000000,99.479167,82.291667,83.854167,97.395833
9409.png,99.479167,100.000000,99.479167,89.062500,88.020833,94.791667
9411.png,100.000000,100.000000,100.000000,89.583333,88.541667,97.395833
9414.png,99.479167,100.000000,97.395833,72.395833,77.604167,94.791667
9416.png,99.479167,100.000000,98.958333,96.354167,88.541667,95.312500
9418.png,100.000000,100.000000,97.916667,90.625000,80.208333,93.750000
9419.png,100.000000,100.000000,97.916667,77.604167,92.708333,96.354167
9421.png,100.000000,100.000000,97.395833,76.041667,76.562500,94.270833
9422.png,99.479167,100.000000,97.916667,88.020833,76.041667,92.708333
9426.png,100.000000,100.000000,100.000000,99.479167,86.979167,93.750000
9431.png,100.000000,100.000000,98.958333,88.020833,89.062500,95.833333
9432.png,99.479167,100.000000,96.354167,93.750000,72.395833,91.145833
9433.png,99.479167,100.000000,96.875000,86.979167,85.416667,95.312500
9434.png,100.000000,100.000000,98.437500,83.854167,82.812500,93.750000
9440.png,100.000000,100.000000,98.437500,84.895833,89.062500,95.833333
9442.png,100.000000,100.000000,98.437500,87.500000,82.291667,95.312500
9444.png,100.000000,100.000000,98.437500,82.812500,82.291667,94.270833
9445.png,100.000000,100.000000,99.479167,84.895833,85.937500,95.312500
9447.png,99.479167,100.000000,98.437500,83.333333,88.020833,96.354167
9448.png,100.000000,100.000000,100.000000,94.791667,91.666667,95.312500
9450.png,100.000000,100.000000,97.395833,96.875000,84.895833,94.791667
9451.png,100.000000,100.000000,95.833333,78.125000,93.229167,94.270833
9455.png,100.000000,100.000000,99.479167,91.145833,90.625000,95.833333
9456.png,100.000000,100.000000,98.958333,85.416667,82.812500,92.708333
9458.png,100.000000,100.000000,97.916667,83.854167,83.854167,94.791667
9462.png,100.000000,100.000000,98.958333,93.229167,80.729167,93.229167
9463.png,100.000000,100.000000,97.395833,87.500000,78.125000,93.229167
9466.png,100.000000,100.000000,97.916667,83.854167,80.208333,92.708333
9467.png,100.000000,100.000000,97.916667,82.291667,82.812500,94.270833
9468.png,100.000000,100.000000,98.958333,80.729167,80.729167,93.750000
9469.png,100.000000,100.000000,98.437500,96.354167,80.208333,94.270833
9470.png,99.479167,100.000000,98.958333,84.895833,81.770833,93.229167
9472.png,100.000000,100.000000,98.437500,82.291667,85.937500,94.791667
9475.png,100.000000,100.000000,97.395833,85.937500,83.333333,93.750000
9477.png,99.479167,100.000000,95.312500,93.229167,74.479167,94.270833
9480.png,99.479167,100.000000,95.833333,83.854167,84.375000,97.395833
9481.png,100.000000,100.000000,99.479167,85.416667,86.979167,96.354167
9482.png,100.000000,100.000000,98.958333,92.187500,90.625000,96.875000
9483.png,100.000000,100.000000,99.479167,89.583333,90.625000,96.875000
9486.png,100.000000,100.000000,97.916667,88.541667,90.104167,96.875000
9489.png,100.000000,99.479167,99.479167,84.895833,85.416667,93.750000
9490.png,100.000000,100.000000,100.000000,91.145833,91.666667,97.916667
9494.png,100.000000,100.000000,97.395833,83.333333,80.729167,94.791667
9498.png,100.000000,100.000000,97.916667,95.833333,78.125000,92.708333
9499.png,100.000000,100.000000,98.958333,96.875000,86.979167,95.833333
9501.png,100.000000,100.000000,100.000000,97.916667,86.979167,95.833333
9503.png,100.000000,100.000000,100.000000,87.500000,83.854167,95.312500
9504.png,100.000000,100.000000,99.479167,81.770833,88.020833,95.312500
9506.png,100.000000,100.000000,97.916667,68.750000,82.291667,95.312500
9507.png,100.000000,100.000000,98.958333,86.458333,92.708333,97.395833
9508.png,100.000000,100.000000,95.833333,83.333333,81.250000,93.750000
9509.png,100.000000,100.000000,98.437500,83.333333,88.020833,95.312500
9516.png,100.000000,100.000000,100.000000,83.854167,82.812500,93.229167
9517.png,100.000000,100.000000,99.479167,75.000000,81.250000,97.395833
9519.png,99.479167,100.000000,100.000000,84.895833,88.541667,95.312500
9524.png,100.000000,100.000000,97.916667,86.458333,83.854167,93.229167
9525.png,100.000000,100.000000,97.916667,82.291667,86.979167,95.312500
9527.png,100.000000,100.000000,100.000000,75.520833,82.812500,92.187500
9528.png,100.000000,100.000000,97.395833,78.125000,80.208333,92.708333
9529.png,100.000000,100.000000,99.479167,83.333333,88.020833,98.437500
9532.png,100.000000,100.000000,98.958333,89.583333,86.979167,96.354167
9533.png,100.000000,100.000000,100.000000,80.208333,87.500000,92.187500
9534.png,100.000000,100.000000,99.479167,83.333333,87.500000,94.791667
9537.png,98.958333,100.000000,96.875000,85.937500,79.687500,94.791667
9538.png,100.000000,100.000000,99.479167,95.312500,89.062500,94.791667
9540.png,100.000000,100.000000,97.395833,88.020833,83.333333,95.312500
9542.png,99.479167,100.000000,96.875000,84.375000,88.020833,94.791667
9546.png,100.000000,100.000000,98.437500,71.875000,77.083333,92.187500
9547.png,100.000000,100.000000,98.958333,79.687500,83.854167,92.708333
9548.png,100.000000,100.000000,98.958333,82.812500,85.937500,94.270833
9550.png,100.000000,100.000000,98.958333,77.604167,88.541667,94.791667
9551.png,100.000000,100.000000,98.958333,86.458333,79.166667,94.791667
9552.png,100.000000,100.000000,94.791667,93.750000,81.250000,93.750000
9553.png,100.000000,100.000000,94.791667,79.166667,83.333333,92.187500
9554.png,99.479167,100.000000,97.916667,76.041667,79.166667,94.791667
9556.png,100.000000,100.000000,99.479167,81.250000,84.375000,94.791667
9557.png,100.000000,100.000000,98.437500,82.291667,88.541667,94.791667
9558.png,100.000000,100.000000,98.437500,85.416667,74.479167,94.791667
9562.png,100.000000,100.000000,96.875000,88.541667,79.166667,94.791667
9564.png,100.000000,100.000000,97.395833,90.104167,80.208333,93.750000
9567.png,100.000000,100.000000,97.916667,85.416667,89.583333,96.354167
9568.png,100.000000,100.000000,98.958333,89.583333,87.500000,96.875000
9569.png,100.000000,100.000000,98.958333,90.625000,82.291667,94.791667
9570.png,100.000000,100.000000,97.916667,82.812500,83.854167,96.875000
9573.png,100.000000,100.000000,97.916667,77.083333,77.604167,91.145833
9574.png,100.000000,100.000000,97.395833,83.333333,88.020833,96.354167
9576.png,100.000000,100.000000,99.479167,73.437500,79.687500,95.833333
9579.png,100.000000,100.000000,98.437500,75.520833,87.500000,97.395833
9581.png,100.000000,100.000000,98.958333,75.520833,86.979167,95.312500
9582.png,100.000000,100.000000,98.437500,98.437500,88.020833,95.312500
9583.png,100.000000,100.000000,98.437500,85.937500,89.062500,96.354167
9585.png,100.000000,100.000000,98.958333,77.604167,85.937500,94.791667
9586.png,100.000000,100.000000,96.875000,80.208333,88.020833,97.395833
9587.png,100.000000,100.000000,100.000000,81.250000,80.729167,93.229167
9588.png,100.000000,100.000000,98.437500,83.333333,84.895833,93.750000
9590.png,100.000000,100.000000,98.958333,93.229167,80.729167,94.791667
9591.png,99.479167,100.000000,100.000000,86.979167,79.687500,95.312500
9593.png,100.000000,100.000000,98.958333,85.937500,84.895833,97.916667
9595.png,100.000000,100.000000,97.916667,85.416667,84.375000,96.354167
9596.png,100.000000,100.000000,97.916667,96.875000,86.458333,95.312500
9597.png,100.000000,100.000000,95.833333,79.687500,76.041667,91.666667
9598.png,100.000000,100.000000,99.479167,79.166667,90.104167,95.312500
9599.png,99.479167,100.000000,100.000000,80.729167,85.937500,94.270833
9601.png,99.479167,100.000000,96.875000,89.062500,82.291667,93.750000
9602.png,100.000000,100.000000,98.437500,81.770833,82.291667,94.270833
9603.png,100.000000,100.000000,99.479167,84.375000,90.625000,96.354167
9606.png,100.000000,100.000000,99.479167,89.583333,88.020833,95.312500
9607.png,100.000000,100.000000,96.354167,81.250000,84.375000,93.229167
9608.png,100.000000,100.000000,98.958333,79.166667,90.104167,95.312500
9609.png,100.000000,100.000000,96.354167,96.875000,79.166667,90.625000
9612.png,100.000000,100.000000,98.437500,85.937500,84.895833,96.354167
9614.png,99.479167,100.000000,96.875000,81.770833,77.604167,90.625000
9616.png,100.000000,100.000000,97.395833,79.166667,88.541667,93.750000
9617.png,100.000000,100.000000,98.958333,92.708333,86.458333,94.791667
9620.png,100.000000,100.000000,98.958333,80.208333,82.291667,96.354167
9622.png,100.000000,100.000000,96.354167,97.395833,77.604167,92.708333
9624.png,100.000000,100.000000,97.395833,80.729167,88.020833,94.270833
9625.png,100.000000,100.000000,98.958333,93.750000,87.500000,94.270833
9627.png,100.000000,100.000000,96.354167,80.208333,81.770833,92.708333
9628.png,100.000000,100.000000,98.437500,89.062500,83.333333,94.791667
9629.png,100.000000,100.000000,98.958333,84.895833,81.250000,95.312500
9631.png,99.479167,100.000000,99.479167,97.395833,85.937500,93.750000
9635.png,100.000000,100.000000,97.395833,94.270833,84.375000,97.395833
9637.png,100.000000,100.000000,96.875000,82.291667,83.854167,93.750000
9640.png,100.000000,100.000000,98.437500,88.541667,88.541667,95.833333
9642.png,100.000000,100.000000,98.437500,79.166667,85.937500,95.833333
9643.png,100.000000,100.000000,99.479167,95.833333,84.895833,94.270833
9644.png,100.000000,100.000000,97.395833,82.291667,80.729167,93.229167
9645.png,100.000000,100.000000,98.437500,89.583333,82.291667,94.791667
9647.png,99.479167,100.000000,96.875000,82.812500,85.416667,98.437500
9649.png,100.000000,100.000000,97.916667,98.437500,75.000000,91.666667
9653.png,100.000000,100.000000,99.479167,84.375000,82.291667,95.312500
9654.png,99.479167,100.000000,95.833333,88.541667,79.687500,93.229167
9656.png,100.000000,100.000000,98.958333,90.104167,83.333333,94.270833
9658.png,100.000000,100.000000,98.437500,96.354167,71.875000,92.708333
9659.png,100.000000,100.000000,97.395833,79.687500,87.500000,93.229167
9660.png,100.000000,100.000000,98.437500,84.895833,83.854167,94.791667
9662.png,100.000000,100.000000,99.479167,84.375000,88.541667,98.437500
9664.png,100.000000,100.000000,97.916667,83.854167,88.541667,92.708333
9666.png,100.000000,100.000000,98.958333,94.791667,82.291667,92.187500
9667.png,100.000000,100.000000,98.958333,84.375000,86.458333,98.437500
9670.png,99.479167,100.000000,97.916667,83.333333,82.812500,95.312500
9672.png,100.000000,100.000000,96.354167,93.229167,77.604167,92.708333
9673.png,100.000000,100.000000,97.916667,84.895833,88.541667,94.791667
9675.png,100.000000,100.000000,97.395833,88.020833,88.020833,95.833333
9676.png,100.000000,100.000000,98.958333,94.791667,83.333333,92.708333
9677.png,98.958333,100.000000,99.479167,83.854167,89.583333,97.395833
9681.png,99.479167,100.000000,98.958333,83.333333,86.458333,95.312500
9682.png,100.000000,100.000000,97.395833,89.062500,82.812500,96.354167
9685.png,100.000000,100.000000,99.479167,81.770833,81.250000,95.833333
9686.png,100.000000,100.000000,98.958333,82.291667,84.375000,96.354167
9687.png,100.000000,100.000000,98.958333,81.250000,86.458333,97.395833
9689.png,100.000000,100.000000,98.437500,90.104167,84.895833,94.791667
9691.png,100.000000,100.000000,98.958333,89.062500,88.541667,95.833333
9693.png,100.000000,100.000000,98.437500,90.625000,89.583333,95.833333
9694.png,99.479167,100.000000,96.354167,94.270833,84.375000,93.750000
9696.png,100.000000,100.000000,97.916667,86.458333,78.645833,94.270833
9697.png,99.479167,100.000000,100.000000,84.895833,88.020833,94.270833
9698.png,99.479167,100.000000,97.395833,86.979167,80.729167,93.229167
9700.png,100.000000,100.000000,98.437500,96.875000,84.895833,93.229167
9702.png,100.000000,100.000000,98.958333,86.979167,84.375000,95.833333
9705.png,99.479167,100.000000,98.437500,90.104167,83.854167,94.270833
9710.png,100.000000,100.000000,99.479167,80.208333,87.500000,95.833333
9711.png,100.000000,100.000000,98.437500,91.666667,85.416667,94.791667
9712.png,100.000000,100.000000,98.958333,85.937500,85.416667,97.395833
9713.png,100.000000,100.000000,97.916667,87.500000,84.375000,96.875000
9714.png,100.000000,100.000000,96.354167,78.125000,81.250000,93.750000
9717.png,100.000000,100.000000,99.479167,98.437500,89.583333,94.791667
9718.png,100.000000,100.000000,98.958333,73.958333,80.208333,96.875000
9720.png,100.000000,100.000000,100.000000,95.312500,84.895833,93.229167
9721.png,98.958333,100.000000,96.354167,86.979167,85.416667,92.187500
9723.png,100.000000,100.000000,97.916667,75.520833,84.895833,94.270833
9725.png,100.000000,100.000000,99.479167,77.083333,83.854167,94.791667
9727.png,100.000000,100.000000,99.479167,80.208333,87.500000,97.395833
9728.png,99.479167,100.000000,96.354167,93.229167,79.687500,91.145833
9729.png,100.000000,100.000000,100.000000,89.583333,90.104167,96.354167
9731.png,100.000000,100.000000,100.000000,78.125000,81.250000,97.395833
9732.png,99.479167,100.000000,98.437500,92.187500,87.500000,95.833333
9733.png,100.000000,100.000000,98.437500,86.458333,82.291667,92.708333
9734.png,100.000000,100.000000,98.958333,84.895833,84.375000,96.875000
9735.png,100.000000,100.000000,98.958333,99.479167,84.375000,94.791667
9738.png,100.000000,100.000000,98.958333,85.937500,88.020833,95.833333
9739.png,100.000000,100.000000,98.958333,89.062500,84.895833,94.791667
9740.png,100.000000,100.000000,100.000000,80.208333,88.020833,96.354167
9742.png,100.000000,100.000000,98.958333,85.937500,89.583333,98.437500
9743.png,100.000000,100.000000,97.916667,80.208333,82.812500,94.791667
9744.png,100.000000,100.000000,98.958333,94.270833,87.500000,94.791667
9747.png,100.000000,100.000000,98.437500,93.750000,90.625000,97.395833
9748.png,100.000000,100.000000,99.479167,88.541667,81.770833,94.791667
9750.png,100.000000,100.000000,99.479167,85.416667,88.541667,97.395833
9751.png,100.000000,100.000000,96.875000,82.291667,78.125000,94.270833
9753.png,100.000000,100.000000,96.354167,85.937500,89.583333,94.270833
9754.png,99.479167,100.000000,97.395833,79.687500,77.604167,93.750000
9755.png,100.000000,100.000000,97.916667,89.062500,90.625000,96.875000
9756.png,100.000000,100.000000,98.437500,73.958333,84.375000,96.354167
9757.png,100.000000,100.000000,98.958333,82.291667,85.416667,94.791667
9758.png,99.479167,100.000000,97.916667,86.458333,91.145833,96.354167
9761.png,100.000000,100.000000,97.916667,88.020833,88.020833,95.312500
9762.png,100.000000,100.000000,98.437500,88.020833,86.979167,97.395833
9763.png,100.000000,100.000000,99.479167,88.020833,89.062500,97.916667
9765.png,100.000000,100.000000,99.479167,94.791667,88.541667,93.750000
9768.png,100.000000,100.000000,98.958333,78.645833,88.020833,94.791667
9769.png,100.000000,100.000000,97.395833,86.979167,85.416667,94.270833
9770.png,100.000000,100.000000,94.791667,82.291667,80.208333,96.875000
9771.png,100.000000,100.000000,98.437500,94.270833,86.979167,94.791667
9773.png,99.479167,100.000000,99.479167,85.937500,85.416667,95.312500
9777.png,100.000000,100.000000,100.000000,88.541667,84.895833,97.395833
9779.png,100.000000,100.000000,98.958333,89.062500,91.145833,97.916667
9780.png,100.000000,100.000000,97.916667,82.291667,95.312500,95.312500
9783.png,100.000000,100.000000,98.958333,90.104167,78.645833,92.187500
9784.png,100.000000,100.000000,98.958333,84.375000,87.500000,98.437500
9787.png,100.000000,100.000000,95.833333,96.875000,85.416667,93.750000
9789.png,100.000000,100.000000,98.437500,92.187500,84.375000,93.229167
9790.png,99.479167,100.000000,96.354167,97.395833,75.000000,93.750000
9791.png,100.000000,100.000000,99.479167,90.104167,86.458333,96.875000
9792.png,100.000000,100.000000,100.000000,84.375000,83.854167,92.708333
9795.png,98.958333,100.000000,97.395833,80.208333,84.375000,93.750000
9796.png,100.000000,100.000000,97.916667,89.062500,89.062500,95.833333
9797.png,100.000000,100.000000,98.437500,86.979167,77.604167,93.750000
9800.png,100.000000,100.000000,98.958333,92.187500,87.500000,95.312500
9801.png,100.000000,100.000000,99.479167,89.062500,89.062500,96.875000
9804.png,100.000000,100.000000,95.833333,82.291667,85.937500,92.708333
9805.png,99.479167,100.000000,98.958333,88.020833,85.416667,95.833333
9807.png,100.000000,100.000000,100.000000,76.041667,82.291667,97.916667
9808.png,100.000000,100.000000,100.000000,76.041667,82.291667,97.916667
9809.png,100.000000,100.000000,97.916667,97.916667,80.208333,94.791667
9811.png,100.000000,100.000000,98.437500,81.250000,88.541667,94.791667
9812.png,100.000000,100.000000,97.395833,86.458333,85.937500,95.312500
9816.png,100.000000,100.000000,97.916667,80.729167,81.770833,95.312500
9819.png,99.479167,100.000000,99.479167,80.729167,90.104167,96.354167
9820.png,100.000000,100.000000,99.479167,69.791667,85.937500,95.312500
9821.png,100.000000,100.000000,98.958333,83.854167,89.062500,95.312500
9822.png,99.479167,100.000000,96.875000,83.333333,79.166667,90.625000
9823.png,99.479167,100.000000,98.958333,93.229167,89.583333,96.354167
9824.png,100.000000,100.000000,98.958333,83.333333,83.333333,95.833333
9825.png,100.000000,100.000000,96.875000,90.104167,89.062500,96.875000
9826.png,100.000000,100.000000,98.437500,87.500000,79.687500,93.750000
9827.png,100.000000,100.000000,98.958333,81.250000,75.520833,94.270833
9830.png,98.958333,100.000000,98.958333,95.312500,87.500000,94.270833
9831.png,100.000000,100.000000,96.875000,88.541667,91.666667,98.437500
9833.png,100.000000,100.000000,100.000000,83.333333,88.020833,95.312500
9836.png,100.000000,100.000000,97.395833,87.500000,83.333333,95.833333
9837.png,98.437500,100.000000,96.354167,72.916667,78.645833,93.229167
9839.png,100.000000,100.000000,95.312500,79.687500,81.770833,93.229167
9840.png,100.000000,100.000000,98.437500,86.979167,83.854167,95.312500
9841.png,100.000000,100.000000,99.479167,84.895833,86.979167,96.875000
9842.png,100.000000,100.000000,97.916667,81.250000,82.291667,95.833333
9843.png,99.479167,100.000000,97.916667,84.895833,90.104167,97.916667
9845.png,100.000000,100.000000,98.437500,81.770833,77.604167,94.791667
9851.png,100.000000,100.000000,97.916667,89.583333,86.979167,96.875000
9853.png,99.479167,100.000000,94.791667,82.812500,83.333333,93.229167
9854.png,100.000000,100.000000,95.833333,84.375000,83.854167,95.312500
9855.png,100.000000,100.000000,97.395833,79.166667,88.541667,95.312500
9857.png,100.000000,100.000000,98.958333,90.625000,87.500000,96.875000
9859.png,99.479167,100.000000,96.354167,95.312500,69.270833,92.187500
9862.png,100.000000,100.000000,96.354167,95.833333,84.375000,94.791667
9865.png,100.000000,100.000000,100.000000,85.937500,93.750000,97.916667
9866.png,100.000000,100.000000,96.875000,79.687500,92.708333,94.270833
9867.png,100.000000,100.000000,100.000000,87.500000,87.500000,96.354167
9868.png,99.479167,100.000000,93.750000,91.145833,81.770833,94.270833
9873.png,100.000000,100.000000,98.437500,81.770833,78.645833,87.500000
9877.png,100.000000,100.000000,98.958333,86.979167,80.729167,96.354167
9879.png,100.000000,100.000000,100.000000,81.770833,83.854167,95.312500
9881.png,100.000000,100.000000,98.958333,87.500000,79.166667,95.312500
9885.png,100.000000,100.000000,98.437500,84.895833,81.250000,93.229167
9887.png,100.000000,100.000000,99.479167,95.312500,87.500000,96.354167
9888.png,100.000000,100.000000,100.000000,89.583333,84.375000,94.270833
9889.png,100.000000,100.000000,99.479167,73.958333,85.416667,96.354167
9891.png,100.000000,100.000000,99.479167,97.395833,86.979167,97.916667
9894.png,99.479167,100.000000,98.437500,83.333333,79.166667,97.916667
9895.png,100.000000,100.000000,97.395833,91.666667,81.770833,96.354167
9896.png,100.000000,100.000000,97.916667,83.333333,83.333333,94.270833
9899.png,100.000000,100.000000,99.479167,78.125000,83.333333,96.354167
9900.png,100.000000,100.000000,98.958333,85.416667,90.104167,95.312500
9901.png,100.000000,100.000000,97.916667,87.500000,77.604167,94.270833
9902.png,100.000000,100.000000,98.958333,96.354167,88.541667,95.312500
9903.png,100.000000,100.000000,100.000000,89.583333,89.062500,95.312500
9904.png,100.000000,100.000000,96.875000,93.750000,75.520833,92.708333
9905.png,99.479167,100.000000,98.437500,81.250000,86.458333,95.312500
9908.png,99.479167,100.000000,98.958333,73.958333,79.687500,97.395833
9910.png,100.000000,100.000000,100.000000,93.229167,92.708333,94.791667
9911.png,99.479167,100.000000,96.354167,92.708333,85.416667,93.750000
9913.png,100.000000,100.000000,97.916667,84.375000,83.854167,95.312500
9914.png,100.000000,100.000000,94.791667,80.208333,85.937500,93.229167
9915.png,99.479167,100.000000,98.958333,85.937500,89.583333,95.833333
9917.png,100.000000,100.000000,97.395833,77.083333,82.812500,95.833333
9919.png,100.000000,100.000000,100.000000,90.625000,87.500000,96.875000
9922.png,99.479167,100.000000,98.958333,84.895833,82.291667,94.270833
9923.png,100.000000,100.000000,98.958333,84.895833,89.583333,95.833333
9927.png,99.479167,100.000000,100.000000,80.208333,86.458333,94.270833
9930.png,100.000000,100.000000,99.479167,81.250000,88.541667,96.354167
9931.png,100.000000,100.000000,97.395833,97.395833,83.854167,95.312500
9936.png,100.000000,100.000000,99.479167,81.250000,88.541667,93.229167
9940.png,100.000000,100.000000,97.395833,90.104167,82.291667,96.354167
9942.png,100.000000,100.000000,98.958333,82.291667,91.666667,95.312500
9944.png,100.000000,100.000000,98.958333,88.020833,79.687500,91.666667
9945.png,100.000000,100.000000,97.916667,79.166667,83.333333,95.833333
9946.png,100.000000,100.000000,96.354167,97.395833,84.375000,93.229167
9947.png,99.479167,100.000000,97.916667,80.208333,76.562500,94.270833
9949.png,100.000000,100.000000,97.916667,83.333333,82.291667,94.270833
9950.png,100.000000,100.000000,98.437500,81.250000,86.458333,94.791667
9951.png,100.000000,100.000000,97.395833,86.458333,76.041667,93.750000
9954.png,100.000000,100.000000,98.437500,85.416667,87.500000,95.312500
9958.png,100.000000,100.000000,99.479167,93.229167,90.104167,97.395833
9962.png,100.000000,100.000000,97.395833,77.083333,79.687500,95.312500
9964.png,100.000000,100.000000,98.437500,80.208333,83.854167,95.833333
9966.png,99.479167,100.000000,98.958333,82.812500,85.937500,92.187500
9967.png,100.000000,100.000000,96.354167,82.812500,82.291667,94.270833
9971.png,100.000000,100.000000,100.000000,79.166667,83.854167,95.833333
9972.png,100.000000,100.000000,100.000000,86.979167,78.125000,96.354167
9973.png,100.000000,100.000000,96.354167,82.812500,82.291667,94.270833
9974.png,100.000000,100.000000,99.479167,85.937500,79.166667,96.875000
9975.png,100.000000,100.000000,98.437500,88.020833,86.458333,95.312500
9977.png,100.000000,100.000000,96.875000,79.166667,78.125000,94.270833
9978.png,100.000000,100.000000,98.437500,88.020833,86.458333,95.312500
9980.png,100.000000,100.000000,99.479167,85.937500,89.583333,99.479167
9981.png,100.000000,100.000000,98.437500,83.333333,90.104167,97.916667
9982.png,100.000000,100.000000,98.958333,83.333333,78.645833,93.750000
9983.png,100.000000,100.000000,100.000000,87.500000,88.541667,95.833333
9985.png,100.000000,100.000000,100.000000,87.500000,88.541667,95.833333
9986.png,100.000000,100.000000,100.000000,96.875000,85.416667,92.708333
9988.png,100.000000,100.000000,98.958333,83.333333,78.645833,93.750000
9990.png,100.000000,100.000000,98.958333,96.875000,83.333333,95.833333
9993.png,100.000000,100.000000,100.000000,87.500000,88.541667,95.833333
9994.png,100.000000,100.000000,98.958333,89.583333,92.708333,98.958333
